ID,EN,FR
Analytics,Analytics,Analytique
Auth.components.Oops.text,Your account has been suspended.,Votre compte a Ã©tÃ© suspendu.
Auth.components.Oops.text.admin,"If this is a mistake, please contact your administrator.","Si c'est une erreur, veuillez contacter votre administrateur."
Auth.components.Oops.title,Oops...,Oups!
Auth.form.button.forgot-password,Submit,Soumettre
Auth.form.button.go-home,Go back home,Retour Ã  l'accueil
Auth.form.button.login,Login,Se connecter
Auth.form.button.login.providers.error,We cannot connect you through the selected provider.,Nous ne pouvons pas vous connecter via le fournisseur sÃ©lectionnÃ©.
Auth.form.button.login.providers.see-more,See more,Voir plus
Auth.form.button.login.strapi,Log in via Strapi,Se connecter avec Strapi
Auth.form.button.password-recovery,Password Recovery,RÃ©cupÃ©ration de mot de passe
Auth.form.button.register,Let's start,PrÃªt Ã  commencer
Auth.form.button.reset-password,Change password,Changez votre mot de passe
Auth.form.confirmPassword.label,Confirmation password,Confirmation du mot de passe
Auth.form.currentPassword.label,Current password,Mot de passe actuel
Auth.form.email.label,Email address,Adresse de courrier Ã©lectronique
Auth.form.email.placeholder,for example: kai@doe.com,par exemple : kai@doe.com
Auth.form.error.blocked,Your account has been blocked by the administrator.,Votre compte a Ã©tÃ© bloquÃ© par l'administrateur.
Auth.form.error.code.provide,Incorrect code provided.,Le code est incorrect.
Auth.form.error.confirmed,Your account email address is not confirmed.,L'adresse de courrier Ã©lectronique de votre compte n'est pas confirmÃ©e.
Auth.form.error.email.invalid,This email address is invalid.,Cette adresse de courrier Ã©lectronique n'est pas valide.
Auth.form.error.email.provide,Please provide your username or your email address.,Veuillez indiquer votre nom d'utilisateur ou adresse de courrier Ã©lectronique.
Auth.form.error.email.taken,Email address is already taken.,Cette adresse de courrier Ã©lectronique est dÃ©jÃ  utilisÃ©e.
Auth.form.error.invalid,Identifier or password invalid.,Votre identifiant ou mot de passe est incorrect.
Auth.form.error.params.provide,Incorrect params provided.,Les informations sont incorrectes.
Auth.form.error.password.format,Your password cannot contain the symbol `$` more than three times.,Votre mot de passe ne peut pas contenir trois fois le symbole `$`.
Auth.form.error.password.local,"This user never set a local password, please login via the provider used during account creation.",Ce compte n'a pas de mot de passe. Veuillez vous connecter Ã  l'aide du fournisseur utilisÃ© lors de la crÃ©ation du compte.
Auth.form.error.password.matching,Passwords do not match.,Les mots de passe ne sont pas identiques.
Auth.form.error.password.provide,Please provide your password.,Votre mot de passe est manquant.
Auth.form.error.ratelimit,"Too many attempts, please try again in a minute.","Trop de tentatives, veuillez rÃ©essayer dans une minute."
Auth.form.error.user.not-exist,This email address does not exist.,Cette adresse de courrier Ã©lectronique n'existe pas.
Auth.form.error.username.taken,Username is already taken.,Ce nom d'utilisateur est dÃ©jÃ  utilisÃ©.
Auth.form.firstname.label,First name,PrÃ©nom
Auth.form.firstname.placeholder,for example: Kai,par exemple : Kai
Auth.form.forgot-password.email.label,Enter your email address,Entrez votre adresse de courrier Ã©lectronique
Auth.form.forgot-password.email.label.success,Email successfully sent to,Courriel envoyÃ© avec succÃ¨s Ã  l'adresse suivante
Auth.form.lastname.label,Last name,Nom
Auth.form.lastname.placeholder,for example: Doe,par exemple : Doe
Auth.form.password.hide-password,Hide password,Cacher le mot de passe
Auth.form.password.hint,"Password must contain at least 8 characters, 1 uppercase, 1 lowercase, and 1 number","Le mot de passe doit contenir au moins 8 caractÃ¨res, 1 majuscule, 1 minuscule et 1 chiffre."
Auth.form.password.label,Password,Mot de passe
Auth.form.password.show-password,Show password,Afficher le mot de passe
Auth.form.register.news.label,Keep me updated about the new features and upcoming improvements (by doing this I accept the {terms} and the {policy}).,Tenez-moi au courant des nouvelles fonctionnalitÃ©s et amÃ©liorations Ã  venir (en faisant cela j'accepte les {terms} et {policy}).
Auth.form.register.subtitle,Your credentials are only used to authenticate yourself on the admin panel. All saved data will be stored in your own database.,Vos identifiants sont utilisÃ©s uniquement pour vous authentifier sur l'interface d'administration. Toutes les donnÃ©es sauvegardÃ©es seront stockÃ©es dans votre propre base de donnÃ©es.
Auth.form.rememberMe.label,Remember me,Se souvenir de moi
Auth.form.username.label,Username,Nom d'utilisateur
Auth.form.username.placeholder,for example: Kai_Doe,par exemple : Kai_Doe
Auth.form.welcome.subtitle,Log in to your Strapi account,Connectez-vous Ã  votre compte Strapi
Auth.form.welcome.title,Welcome!,Bienvenue!
Auth.link.forgot-password,Forgot your password?,Mot de passe oubliÃ©?
Auth.link.ready,Ready to sign in?,PrÃªt Ã  vous connecter?
Auth.link.signin,Sign in,Se connecter
Auth.link.signin.account,Already have an account?,Vous avez dÃ©jÃ  un compte?
Auth.login.sso.divider,Or login with,Ou connectez-vous avec
Auth.login.sso.loading,Loading providers...,Chargement des fournisseurs
Auth.login.sso.subtitle,Login to your account via Single Sign-On,Vous connecter via Single Sign-On
Auth.privacy-policy-agreement.policy,privacy policy,politique de confidentialitÃ©
Auth.privacy-policy-agreement.terms,terms,termes
Auth.reset-password.title,Reset password,RÃ©initialiser votre mot de passe
admin.pages.MarketPlacePage.helmet,Marketplace - Plugins,Marketplace - plugiciels
admin.pages.MarketPlacePage.illustration,marketplace illustration,illustration de la Marketplace
admin.pages.MarketPlacePage.title,Marketplace,Marketplace
admin.pages.MarketPlacePage.subtitle,Get more out of Strapi.,Tirez le meilleur de Strapi.
admin.pages.MarketPlacePage.coming-soon.1,A new way to make Strapi awesome.,Une nouvelle faÃ§on de rendre Strapi gÃ©nial.
admin.pages.MarketPlacePage.coming-soon.2,Coming soon.,BientÃ´t disponible.
admin.pages.MarketPlacePage.content.subtitle,The new marketplace will help you get more out of Strapi. We are working hard to offer the best experience to discover and install plugins.,La nouvelle Marketplace vous aidera Ã  tirer le meilleur parti de Strapi. Nous travaillons dur pour vous offrir la meilleure expÃ©rience possible pour dÃ©couvrir et installer des plugiciels.
admin.pages.MarketPlacePage.submit.plugin.link,Submit your plugin,Soumettez votre plugiciel
admin.pages.MarketPlacePage.blog.link,Read our blog post,Lire notre article de blogue
Content Manager,Content Manager,Content Manager
Content Type Builder,Content-Types Builder,Content Types Builder
Documentation,Documentation,Documentation
Email,Email address,Adresse de courrier Ã©lectronique
Files Upload,Files Upload,TÃ©lÃ©versement de fichiers
HomePage.helmet.title,Homepage,Accueil
HomePage.roadmap,See our roadmap,Voir la feuille de route
HomePage.welcome.congrats,Congrats!,Bravo!
HomePage.welcome.congrats.content,"You are logged in as the first administrator. To discover the powerful features provided by Strapi,","Vous Ãªtes connectÃ© en tant que premier Administrateur. Afin de dÃ©couvrir les fonctionnalitÃ©s proposÃ©es par Strapi,"
HomePage.welcome.congrats.content.bold,we recommend you to create your first Collection-Type.,nous vous conseillons de crÃ©er votre premier type de collection.
Media Library,Media Library,MediathÃ¨que
New entry,New entry,Nouvelle entrÃ©e
Password,Password,Mot de passe
Provider,Provider,Provider
ResetPasswordToken,Reset Password Token,ResetPasswordToken
Role,Role,RÃ´le
Roles & Permissions,Roles & Permissions,RÃ´les et autorisations
Roles.ListPage.notification.delete-all-not-allowed,Some roles could not be deleted since they are associated with users.,Certains rÃ´les n'ont pas pu Ãªtre supprimÃ©s car ils sont associÃ©s Ã  des utilisateurs.
Roles.ListPage.notification.delete-not-allowed,A role cannot be deleted if associated with users.,Un rÃ´le ne peut pas Ãªtre supprimÃ© s'il est attribuÃ© Ã  des utilisateurs.
Roles.RoleRow.select-all,Select {name} for bulk actions,SÃ©lectionner {name} pour action groupÃ©e
Roles.RoleRow.user-count.plural,{number} users,{number} utilisateurs
Roles.RoleRow.user-count.singular,{number} user,{number} utilisateur
Roles.components.List.empty.withSearch,There is no role corresponding to the search ({search})...,Il n'y a pas de rÃ´le correspondant Ã  la recherche ({search})...
Settings.PageTitle,Settings - {name},RÃ©glages - {name}
Settings.apiTokens.details,Details,DÃ©tails
Settings.apiTokens.addFirstToken,Add your first API Token,Ajouter votre premier jeton d'API
Settings.apiTokens.addNewToken,Add new API Token,Ajouter un nouveau jeton d'API
Settings.apiTokens.copy.editMessage,"For security reasons, you can only see your token once.","Pour des raisons de sÃ©curitÃ©, vous ne pouvoir voir votre jeton qu'une seule fois."
Settings.apiTokens.copy.editTitle,This token isnâ€™t accessible anymore.,Ce jeton n'est plus accessible.
Settings.apiTokens.copy.lastWarning,"Make sure to copy this token, you wonâ€™t be able to see it again!","Assurez-vous de copier ce jeton, vous ne pourrez plus le revoir par la suite!"
Settings.apiTokens.create,Add Entry,Ajouter une entrÃ©e
Settings.apiTokens.description,List of generated tokens to consume the API.,Liste des jetons gÃ©nÃ©rÃ©s pour consommer l'API.
Settings.apiTokens.emptyStateLayout,You donâ€™t have any content yet...,Vous n'avez pas encore de contenu...
Settings.apiTokens.notification.copied,Token copied to clipboard.,Jeton copiÃ© dans le presse-papiers.
Settings.apiTokens.title,API Tokens,Jetons d'API
Settings.apiTokens.types.full-access,Full access,AccÃ¨s total
Settings.apiTokens.types.read-only,Read-only,Lecture seule
Settings.application.description,Administration panelâ€™s global information.,Informations globales du panneau d'administration.
Settings.application.strapiVersion,Strapi version,version de Strapi
Settings.application.edition-title,current plan,plan actuel
Settings.application.details,Details,DÃ©tails
Settings.application.link-pricing,See all pricing plans,Voir tous les tarifs
Settings.application.link-upgrade,Upgrade your admin panel,Mettre Ã  niveau votre panneau d'administration
Settings.application.get-help,Get help,Obtenir de l'aide
Settings.application.node-version,node version,version du noeud
Settings.application.strapi-version,Strapi version,version de Strapi
Settings.application.title,Overview,AperÃ§u
Settings.error,Error,Erreur
Settings.global,Global Settings,ParamÃ¨tres globaux
Settings.permissions,Administration panel,Panneau d'aministration
Settings.permissions.category,Permissions settings for the {category},ParamÃ¨tres des autorisations pour la catÃ©gorie {category}
Settings.permissions.category.plugins,Permissions settings for the {category} plugin,ParamÃ¨tres des autorisations pour le plugiciel {plugin}
Settings.permissions.conditions.anytime,Anytime,N'importe quand
Settings.permissions.conditions.apply,Apply,Appliquer
Settings.permissions.conditions.can,Can,Peut
Settings.permissions.conditions.define-conditions,Define conditions,DÃ©finir les conditions
Settings.permissions.conditions.links,Links,Liens
Settings.permissions.conditions.no-actions,"You first need to select actions (create, read, update, ...) before defining conditions on them.","Vous devez d'abord sÃ©lectionner des actions (crÃ©er, lire, mettre Ã  jour, ...) avant de dÃ©finir des conditions sur celles-ci."
Settings.permissions.conditions.none-selected,Anytime,N'importe quand
Settings.permissions.conditions.or,OR,OU
Settings.permissions.conditions.selected.plural,{number} conditions selected,{number} conditions sÃ©lectionnÃ©es
Settings.permissions.conditions.selected.singular,{number} condition selected,{number} condition sÃ©lectionnÃ©e
Settings.permissions.conditions.when,When,Quand
Settings.permissions.menu.link.roles.label,Roles,RÃ´les
Settings.permissions.menu.link.users.label,Users,Utilisateurs
Settings.permissions.select-all-by-permission,Select all {label} permissions,SÃ©lectionner toutes les autorisations de {label}
Settings.permissions.select-by-permission,Select {label} permission,SÃ©lectionner l'autorisation de {label}
Settings.permissions.users.create,Invite new user,Inviter un nouvel utilisateur
Settings.permissions.users.form.email,Email address,Adresse de courrier Ã©lectronique
Settings.permissions.users.form.firstname,First name,PrÃ©nom
Settings.permissions.users.form.lastname,Last name,Nom
Settings.permissions.users.form.sso,Connect with Single Sign-On,Se connecter via Single Sign-On
Settings.permissions.users.form.sso.description,"When enabled (ON), users can login via Single Sign-On","Quand activÃ©, les utilisateurs peuvent se connecter via Single Sign-On"
Settings.permissions.users.listview.header.subtitle,All the users who have access to the Strapi admin panel.,Tous les utilisateurs ayant accÃ¨s au panneau d'administration de Strapi.
Settings.permissions.users.listview.header.title,Users,Utilisateurs
Settings.permissions.users.tabs.label,Tabs Permissions,Onglet Autorisations
Settings.profile.form.notify.data.loaded,Your profile data has been loaded,Les donnÃ©es de votre profil ont Ã©tÃ© chargÃ©es
Settings.profile.form.section.experience.clear.select,Clear the interface language selected,Vider la langue de l'interface sÃ©lectionnÃ©e
Settings.profile.form.section.experience.interfaceLanguage,Interface language,Langue de l'interface
Settings.profile.form.section.experience.interfaceLanguage.hint,This will only display your own interface in the chosen language.,N'affichera que votre propre interface dans la langue sÃ©lectionnÃ©e.
Settings.profile.form.section.experience.interfaceLanguageHelp,Selection will change the interface language only for you. Please refer to this {documentation} to make other languages available for your team.,La sÃ©lection changera la langue de l'interface uniquement pour vous. Veuillez vous rÃ©fÃ©rer Ã  cette {documentation} pour rendre d'autres langues disponibles pour votre Ã©quipe.
Settings.profile.form.section.experience.documentation,documentation,documentation
Settings.profile.form.section.experience.title,Experience,ExpÃ©rience
Settings.profile.form.section.helmet.title,User profile,Profil de l'utilisateur
Settings.profile.form.section.password.title,Change password,Changer votre mot de passe
Settings.profile.form.section.profile.page.title,Profile page,Page de profil
Settings.profile.form.section.profile.title,Profile,Profil
Settings.roles.create.description,Define the rights given to the role,DÃ©finir les droits attribuÃ©s au rÃ´le
Settings.roles.create.title,Create a role,CrÃ©er un rÃ´le
Settings.roles.created,Role created,RÃ´le crÃ©Ã©
Settings.roles.edit.title,Edit a role,Modifier un rÃ´le
Settings.roles.form.button.users-with-role,"{number, plural, =0 {# users} one {# user} other {# users}} with this role","{number, plural, =0 {# utilisateurs} one {# utilisateur} other {# utilisateurs}} possÃ©dant ce rÃ´le"
Settings.roles.form.created,Created,CrÃ©Ã©
Settings.roles.form.description,Name and description of the role,Nom et description du rÃ´le
Settings.roles.form.input.description,Description,Description
Settings.roles.form.input.name,Name,Nom
Settings.roles.form.permission.property-label,{label} permissions,autorisations de {label}
Settings.roles.form.permissions.attributesPermissions,Fields permissions,Autorisations de champs
Settings.roles.form.permissions.create,Create,CrÃ©er
Settings.roles.form.permissions.delete,Delete,Supprimer
Settings.roles.form.permissions.publish,Publish,Publier
Settings.roles.form.permissions.read,Read,Lire
Settings.roles.form.permissions.update,Update,Mettre Ã  jour
Settings.roles.form.title,Details,DÃ©tails
Settings.roles.list.button.add,Add new role,Ajouter un rÃ´le
Settings.roles.list.description,List of roles.,Liste des rÃ´les.
Settings.roles.list.header.actions,Actions,Actions
Settings.roles.list.header.description,Description,Description
Settings.roles.list.header.name,Name,Nom
Settings.roles.list.header.users,Users,Utilisateurs
Settings.roles.list.title.plural,{number} roles,{number} rÃ´les
Settings.roles.list.title.singular,{number} role,{number} rÃ´le
Settings.roles.title,Roles,RÃ´les
Settings.roles.title.singular,role,rÃ´le
Settings.sso.description,Configure the settings for the Single Sign-On feature.,Configurer les paramÃ¨tres de la fonctionnalitÃ© Single Sign-On.
Settings.sso.form.defaultRole.description,It will attach the new authenticated user to the selected role,Attribuera le rÃ´le sÃ©lectionnÃ© au nouvel utilisateur authentifiÃ©
Settings.sso.form.defaultRole.description-not-allowed,You need to have the permission to read the admin roles,Vous devez avoir l'autorisation de lire les rÃ´les administrateurs
Settings.sso.form.defaultRole.label,Default role,RÃ´le par dÃ©faut
Settings.sso.form.registration.description,Create new user on Single Sign-On login if no account exists,CrÃ©er un nouvel utilisateur lors de la connexion via Single Sign-On si aucun compte n'existe
Settings.sso.form.registration.label,Auto-registration,Enregistrement automatique
Settings.sso.form.settings.title,Settings,RÃ©glages
Settings.sso.title,Single Sign-On,Single Sign-On
Settings.webhooks.create,Create a webhook,CrÃ©er un lien de rappel HTTP
Settings.webhooks.create.header,Create new header,CrÃ©er un nouvel en-tÃªte
Settings.webhooks.created,Webhook created,Lien de rappel HTTP crÃ©Ã©
Settings.webhooks.disabled,Disabled,DÃ©sactivÃ©
Settings.webhooks.enabled,Enabled,ActivÃ©
Settings.webhooks.event.publish-tooltip,This event only exists for contents with Draft/Publish system enabled,Cet Ã©vÃ©nement n'existe que pour les contenus avec le systÃ¨me Brouillon/Publier activÃ©
Settings.webhooks.events.create,Create,CrÃ©er
Settings.webhooks.events.delete,Delete,Supprimer
Settings.webhooks.events.update,Update,Mettre Ã  jour
Settings.webhooks.form.events,Events,Ã‰vÃ©nements
Settings.webhooks.form.headers,Headers,En-tÃªtes
Settings.webhooks.form.name,Name,Nom
Settings.webhooks.form.url,Url,Url
Settings.webhooks.headers.remove,Remove header row {number},Supprimer l'en-tÃªte ligne {number}
Settings.webhooks.key,Key,ClÃ©
Settings.webhooks.list.all-entries.select,Select all entries,SÃ©lectionner toutes les entrÃ©es
Settings.webhooks.list.button.add,Create new webhook,CrÃ©er un nouveau lien de rappel HTTP
Settings.webhooks.list.description,Get POST changes notifications.,Recevoir des notifications de modifications en POST.
Settings.webhooks.list.empty.description,No webhooks found,Aucun lien de rappel HTTP n'a Ã©tÃ© trouvÃ©
Settings.webhooks.list.empty.link,See our documentation,Voir notre documentation
Settings.webhooks.list.empty.title,There are no webhooks yet,Il n'y a pas encore de lien de rappel HTTP
Settings.webhooks.list.select,Select,SÃ©lectionner
Settings.webhooks.list.th.actions,actions,actions
Settings.webhooks.list.th.status,status,statut
Settings.webhooks.singular,webhook,liens de rappel HTTP
Settings.webhooks.title,Webhooks,Liens de rappel HTTP
Settings.webhooks.to.delete,"{webhooksToDeleteLength, plural, one {# asset} other {# assets}} selected","{webhooksToDeleteLength, plural, one {# Ã©lÃ©ment} other {# Ã©lÃ©ments}} sÃ©lectionnÃ©"
Settings.webhooks.trigger,Trigger,DÃ©clencheur
Settings.webhooks.trigger.cancel,Cancel trigger,Annuler le dÃ©clencheur
Settings.webhooks.trigger.pending,Pendingâ€¦,En attente...
Settings.webhooks.trigger.save,Please save to trigger,Veuillez enregistrer pour dÃ©clencher
Settings.webhooks.trigger.success,Success!,SuccÃ¨s!
Settings.webhooks.trigger.success.label,Trigger succeeded,DÃ©clenchement rÃ©ussi
Settings.webhooks.trigger.test,Test-trigger,DÃ©clencheur de test
Settings.webhooks.trigger.title,Save before Trigger,Enregistrer avant de dÃ©clencher
Settings.webhooks.value,Value,Valeur
Username,Username,Nom d'utilisateur
Users,Users,Utilisateurs
Users & Permissions,Users & Permissions,Utilisateurs et autorisations
Users.components.List.empty,There is no users...,Aucun utilisateur...
Users.components.List.empty.withFilters,There is no users with the applied filters...,Aucun utilisateur avec les filtres appliquÃ©s...
Users.components.List.empty.withSearch,There is no users corresponding to the search ({search})...,Aucun utilisateur correspondant Ã  la recherche ({search})...
anErrorOccurred,"Woops! Something went wrong. Please, try again.",Oups! Une erreur s'est produite. Veuillez rÃ©essayer.
app.component.CopyToClipboard.label,Copy to clipboard,Copier dans le presse-papiers
app.component.search.label,Search for {target},Rechercher {target}
app.component.table.delete,Delete {target},Supprimer {target}
app.component.table.duplicate,Duplicate {target},Dupliquer {target}
app.component.table.edit,Edit {target},Modifier {target}
app.component.table.select.all-entries,Select all entries,SÃ©lectionner toutes les entrÃ©es
app.component.table.select.one-entry,Select {target},SÃ©lectionner {target}
app.components.BlockLink.blog,Blog,Blogue
app.components.BlockLink.blog.content,Read the latest news about Strapi and the ecosystem.,Lisez les derniÃ¨res actualitÃ©s Ã  propos de Strapi et de son Ã©cosystÃ¨me.
app.components.BlockLink.code,Code examples,Exemples de code
app.components.BlockLink.code.content,Learn by testing real projects developed the community.,Apprenez en mettant Ã  l'essai des projets dÃ©veloppÃ©s par la communautÃ©.
app.components.BlockLink.documentation,Documentation,Documentation
app.components.BlockLink.documentation.content,"Discover the essential concepts, guides and instructions.","DÃ©couvrez les concepts essentiels, guides et instructions."
app.components.BlockLink.tutorial,Tutorials,Tutoriels
app.components.BlockLink.tutorial.content,Follow step-by-step instructions to use and customize Strapi.,Suivez les instructions Ã©tapes par Ã©tapes pour utiliser et personnaliser Strapi.
app.components.Button.cancel,Cancel,Annuler
app.components.Button.confirm,Confirm,Confirmer
app.components.Button.reset,Reset,Annuler
app.components.Button.save,Save,Enregistrer
app.components.ComingSoonPage.comingSoon,Coming soon,BientÃ´t disponible
app.components.ConfirmDialog.title,Confirmation,Confirmation
app.components.DownloadInfo.download,Download in progress...,TÃ©lÃ©chargement en cours...
app.components.DownloadInfo.text,This could take a minute. Thanks for your patience.,Cela peut prendre une minute. Merci de patienter.
app.components.EmptyAttributes.title,There are no fields yet,Il n'y a pas encore de champ
app.components.EmptyStateLayout.content-document,No content found,Aucun contenu trouvÃ©
app.components.EmptyStateLayout.content-permissions,You don't have the permissions to access that content,Vous n'avez pas l'autorisation d'accÃ©der Ã  ce contenu
app.components.HeaderLayout.link.go-back,Back,Retour
app.components.HomePage.button.blog,See more on the blog,Voir plus sur le blogue
app.components.HomePage.community,Join the community,Rejoignez la communautÃ©
app.components.HomePage.community.content,"Discuss with team members, contributors and developers on different channels.","Discutez avec les membres de l'Ã©quipe, les contributeurs et les dÃ©veloppeurs sur diffÃ©rent canaux."
app.components.HomePage.create,Create your first Content type,CrÃ©er votre premiÃ¨re collection
app.components.HomePage.roadmap,See our roadmap,Voir notre feuille de route
app.components.HomePage.welcome,Welcome on board,Bienvenue Ã  bord!
app.components.HomePage.welcome.again,Welcome,Bienvenue 
app.components.HomePage.welcomeBlock.content,"Congrats! You are logged as the first administrator. To discover the powerful features provided by Strapi, we recommend you to create your first Content type!","FÃ©licitations! Vous Ãªtes connectÃ© en tant que tout premier administrateur. Pour dÃ©couvrir les puissantes fonctionnalitÃ©s fournies par Strapi, nous vous recommandons de crÃ©er votre premier type de contenu!"
app.components.HomePage.welcomeBlock.content.again,We hope you are making progress on your project! Feel free to read the latest news about Strapi. We are giving our best to improve the product based on your feedback.,Nous espÃ©rons que votre projet avance bien! DÃ©couvrez les derniers articles Ã  propos de Strapi. Nous faisons de notre mieux pour amÃ©liorer le produit en fonction de vos commentaires.
app.components.HomePage.welcomeBlock.content.issues,issues.,problÃ¨mes.
app.components.HomePage.welcomeBlock.content.raise, or raise , ou soumettez des 
app.components.ImgPreview.hint,Drag and drop your file into this area or {browse} for a file to upload,Faire glisser et dÃ©poser un fichier Ã  tÃ©lÃ©charger dans cette zone ou {browse} 
app.components.ImgPreview.hint.browse,browse,recherchez
app.components.InputFile.newFile,Add new file,Ajouter un nouveau fichier
app.components.InputFileDetails.open,Open in a new tab,Ouvrir dans un nouvel onglet
app.components.InputFileDetails.originalName,Original name:,Nom d'origine :
app.components.InputFileDetails.remove,Remove this file,Supprimer ce fichier
app.components.InputFileDetails.size,Size:,Taille:
app.components.InstallPluginPage.Download.description,It might take a few seconds to download and install the plugin.,L'installation d'un plugiciel peut prendre quelques secondes.
app.components.InstallPluginPage.Download.title,Downloading...,TÃ©lÃ©chargement en cours...
app.components.InstallPluginPage.description,Extend your app effortlessly.,AmÃ©liorez votre application sans efforts.
app.components.LeftMenu.collapse,Collapse the navbar,Masquer la barre de navigation
app.components.LeftMenu.expand,Expand the navbar,Afficher la barre de navigation
app.components.LeftMenu.logout,Logout,DÃ©connexion
app.components.LeftMenu.profile,Profile,Profil
app.components.LeftMenuFooter.documentation,Documentation,Documentation
app.components.LeftMenuFooter.help,Help,Aide
app.components.LeftMenuFooter.poweredBy,Powered by ,PropulsÃ© par 
app.components.LeftMenuLinkContainer.collectionTypes,Collection Types,Types de collection
app.components.LeftMenuLinkContainer.configuration,Configurations,Configurations
app.components.LeftMenuLinkContainer.general,General,GÃ©nÃ©ral
app.components.LeftMenuLinkContainer.installNewPlugin,Marketplace,Marketplace
app.components.LeftMenuLinkContainer.listPlugins,Plugins,Plugiciels
app.components.LeftMenuLinkContainer.noPluginsInstalled,No plugins installed yet,Aucun plugiciel installÃ©
app.components.LeftMenuLinkContainer.plugins,Plugins,Plugiciels
app.components.LeftMenuLinkContainer.settings,Settings,ParamÃ¨tres
app.components.LeftMenuLinkContainer.singleTypes,Single Types,Types uniques
app.components.ListPluginsPage.deletePlugin.description,It might take a few seconds to uninstall the plugin.,La dÃ©sinstallation du plugiciel peut prendre quelques secondes.
app.components.ListPluginsPage.deletePlugin.title,Uninstalling,DÃ©sinstallation
app.components.ListPluginsPage.description,List of the installed plugins in the project.,Liste des plugiciels installÃ©s dans le projet.
app.components.ListPluginsPage.helmet.title,List plugins,Liste des plugiciels
app.components.ListPluginsPage.title,Plugins,Plugiciels
app.components.Logout.logout,Logout,Se dÃ©connecter
app.components.Logout.profile,Profile,Profil
app.components.MarketplaceBanner,"Discover plugins built by the community, and many more awesome things to kickstart your project, on Strapi Awesome.","DÃ©couvrez les plugiciels construits par la communautÃ©, et bien d'autres choses gÃ©niales pour dÃ©marrer votre projet, sur Strapi Awesome."
app.components.MarketplaceBanner.image.alt,a Strapi rocket logo,un logo fusÃ©e de Strapi
app.components.MarketplaceBanner.link,Check it out now,Aller voir maintenant
app.components.NotFoundPage.back,Back to homepage,Retourner Ã  la page d'accueil
app.components.NotFoundPage.description,Not Found,Page introuvable
app.components.Official,Official,Officiel
app.components.Onboarding.help.button,Help button,Bouton d'aide
app.components.Onboarding.label.completed,% completed,% complÃ©tÃ©s
app.components.Onboarding.title,Get Started Videos,DÃ©butons ensemble
app.components.PluginCard.Button.label.download,Download,TÃ©lÃ©charger
app.components.PluginCard.Button.label.install,Already installed,DÃ©jÃ  installÃ©
app.components.PluginCard.PopUpWarning.install.impossible.autoReload.needed,The autoReload feature needs to be enabled. Please start your app with `yarn develop`.,La configuration d'autoReload a besoin d'Ãªtre activÃ©e pour tÃ©lÃ©charger un plugiciel. Veuillez dÃ©marrer votre application avec `yarn develop`.
app.components.PluginCard.PopUpWarning.install.impossible.confirm,I understand!,J'ai compris!
app.components.PluginCard.PopUpWarning.install.impossible.environment,"For security reasons, a plugin can only be downloaded in a development environment.","Pour des raisons de sÃ©curitÃ©, un plugiciel ne peut Ãªtre installÃ© qu'en dÃ©veloppement."
app.components.PluginCard.PopUpWarning.install.impossible.title,Downloading is impossible,Le tÃ©lÃ©chargement est impossible
app.components.PluginCard.compatible,Compatible with your app,Compatible avec votre application
app.components.PluginCard.compatibleCommunity,Compatible with the community,Compatible avec la communautÃ©
app.components.PluginCard.more-details,More details,Plus de dÃ©tails
app.components.ToggleCheckbox.off-label,Off,DÃ©sactivÃ©
app.components.ToggleCheckbox.on-label,On,ActivÃ©
app.components.UpgradePlanModal.button,Learn more,En savoir plus
app.components.UpgradePlanModal.limit-reached,You have reached the limit,Vous avez atteint la limite
app.components.UpgradePlanModal.text-ce,Community Edition,Ã‰dition CommunautÃ©
app.components.UpgradePlanModal.text-ee,Enterprise Edition,Ã‰dition Entreprise
app.components.UpgradePlanModal.text-power,Unlock the full power of Strapi by upgrading your plan to the Enterprise Edition,DÃ©bloquez toute la puissance de Strapi en mettant votre plan Ã  niveau vers l'Ã‰dition Entreprise.
app.components.UpgradePlanModal.text-strapi,of Strapi by upgrading your plan to the,de Strapi en mettant votre plan Ã  niveau vers
app.components.Users.MagicLink.connect,Copy and share this link to give access to this user,Envoyez ce lien Ã  l'utilisateur pour qu'il se connecte.
app.components.Users.MagicLink.connect.sso,"Send this link to the user, the first login can be made via a Single Sign-On provider","Envoyez ce lien Ã  l'utilisateur, la premiÃ¨re connexion peut Ãªtre effectuÃ© via un fournisseur Single Sign-On"
app.components.Users.ModalCreateBody.block-title.details,User details,DÃ©tails
app.components.Users.ModalCreateBody.block-title.login,Roles,RÃ´les
app.components.Users.ModalCreateBody.block-title.roles,User's roles,RÃ´les de l'utilisateur
app.components.Users.ModalCreateBody.block-title.roles.description,A user can have one or several roles.,Un utilisateur peut avoir un ou plusieurs rÃ´les.
app.components.Users.SortPicker.button-label,Sort by,Trier par
app.components.Users.SortPicker.sortby.email_asc,Email address (A to Z),Adresse de courrier Ã©lectronique (A Ã  Z)
app.components.Users.SortPicker.sortby.email_desc,Email address (Z to A),Adresse de courrier Ã©lectronique (Z Ã  A)
app.components.Users.SortPicker.sortby.firstname_asc,First name (A to Z),PrÃ©nom (A Ã  Z)
app.components.Users.SortPicker.sortby.firstname_desc,First name (Z to A),PrÃ©nom (Z Ã  A)
app.components.Users.SortPicker.sortby.lastname_asc,Last name (A to Z),Nom (A Ã  Z)
app.components.Users.SortPicker.sortby.lastname_desc,Last name (Z to A),Nom (Z Ã  A)
app.components.Users.SortPicker.sortby.username_asc,Username (A to Z),Nom d'utilisateur (A Ã  Z)
app.components.Users.SortPicker.sortby.username_desc,Username (Z to A),Nom d'utilisateur (Z Ã  A)
app.components.go-back,Back,Retour
app.components.listPlugins.button,Add new plugin,Ajouter un nouveau plugiciel
app.components.listPlugins.title.none,No plugins installed,Aucun plugiciel n'est installÃ©
app.components.listPlugins.title.plural,{number} plugins are installed,{number} plugiciels sont installÃ©s
app.components.listPlugins.title.singular,{number} plugin is installed,{number} plugiciel est installÃ©
app.components.listPluginsPage.deletePlugin.error,An error occurred while uninstalling the plugin,Une erreur est survenue pendant la dÃ©sinstallation du plugiciel
app.containers.App.notification.error.init,An error occurred while requesting the API,Une erreur est survenue lors de la requÃªte Ã  l'API
app.containers.AuthPage.ForgotPasswordSuccess.text.contact-admin,"If you do not receive this link, please contact your administrator.","Si vous ne recevez pas ce lien, veuillez contacter votre administrateur."
app.containers.AuthPage.ForgotPasswordSuccess.text.email,It can take a few minutes to receive your password recovery link.,La rÃ©ception de votre lien de rÃ©cupÃ©ration de mot de passe peut prendre quelques minutes.
app.containers.AuthPage.ForgotPasswordSuccess.title,Email sent,Courriel envoyÃ©
app.containers.Users.EditPage.form.active.label,Active,Actif
app.containers.Users.EditPage.header.label,Edit {name},Modifier {name}
app.containers.Users.EditPage.header.label-loading,Edit user,Modifier l'utilisateur
app.containers.Users.EditPage.roles-bloc-title,Attributed roles,RÃ´les attribuÃ©s
app.containers.Users.ModalForm.footer.button-success,Invite user,Inviter l'utilisateur
app.links.configure-view,Configure the view,Configurer l'affichage
app.static.links.cheatsheet,CheatSheet,Aide-mÃ©moire
app.utils.SelectOption.defaultMessage, , 
app.utils.add-filter,Add filter,Ajouter un filtre
app.utils.close-label,Close,Fermer
app.utils.defaultMessage, , 
app.utils.delete,Delete,Supprimer
app.utils.duplicate,Duplicate,Dupliquer
app.utils.edit,Edit,Modifier
app.utils.errors.file-too-big.message,The file is too big,Le fichier est trop gros
app.utils.filter-value,Filter value,Valeur du filtre
app.utils.filters,Filters,Filtres
app.utils.notify.data-loaded,The {target} has loaded,{target} est chargÃ©e
app.utils.placeholder.defaultMessage, , 
app.utils.publish,Publish,Publier
app.utils.select-all,Select all,SÃ©lectionner tout
app.utils.select-field,Select field,SÃ©lectionner un champ
app.utils.select-filter,Select filter,SÃ©lectionner un filtre
app.utils.unpublish,Unpublish,Annuler la publication
clearLabel,Clear,Vider
coming.soon,This content is currently under construction and will be back in a few weeks!,Ce contenu est actuellement en construction et sera de retour dans quelques semaines!
component.Input.error.validation.integer,The value must be an integer,La valeur doit Ãªtre un nombre entier
components.AutoReloadBlocker.description,Run Strapi with one of the following commands:,DÃ©marrez Strapi avec l'une des commandes suivantes :
components.AutoReloadBlocker.header,Reload feature is required for this plugin.,L'autoReload doit Ãªtre activÃ© pour ce plugiciel.
components.ErrorBoundary.title,Something went wrong...,Une erreur est survenue...
components.FilterOptions.FILTER_TYPES.$contains,contains (case sensitive),contient (sensible aux majuscules et minuscules)
components.FilterOptions.FILTER_TYPES.$endsWith,ends with,termine par
components.FilterOptions.FILTER_TYPES.$eq,is,est
components.FilterOptions.FILTER_TYPES.$gt,is greater than,est plus grand que
components.FilterOptions.FILTER_TYPES.$gte,is greater than or equal to,est plus grand ou Ã©gal Ã 
components.FilterOptions.FILTER_TYPES.$lt,is lower than,est plus petit que
components.FilterOptions.FILTER_TYPES.$lte,is lower than or equal to,est plus petit ou Ã©gal Ã 
components.FilterOptions.FILTER_TYPES.$ne,is not,n'est pas
components.FilterOptions.FILTER_TYPES.$notContains,does not contain (case sensitive),contient (sensible aux majuscules et minuscules)
components.FilterOptions.FILTER_TYPES.$notNull,is not null,n'est pas nul
components.FilterOptions.FILTER_TYPES.$null,is null,est nul
components.FilterOptions.FILTER_TYPES.$startsWith,starts with,commence par
components.Input.error.attribute.key.taken,This value already exists,Cette valeur existe dÃ©jÃ 
components.Input.error.attribute.sameKeyAndName,Can't be equal,Ne peuvent pas Ãªtre Ã©gaux
components.Input.error.attribute.taken,This field name already exists,Ce champ existe dÃ©jÃ 
components.Input.error.contain.lowercase,Password must contain at least one lowercase character,Le mot de passe doit contenir au moins une lettre minuscule
components.Input.error.contain.number,Password must contain at least one number,Le mot de passe doit contenir au moins un chiffre
components.Input.error.contain.uppercase,Password must contain at least one uppercase character,Le mot de passe doit contenir au moins une lettre majuscule
components.Input.error.contentTypeName.taken,This name already exists,Ce nom existe dÃ©jÃ 
components.Input.error.custom-error,{errorMessage} ,{errorMessage} 
components.Input.error.password.noMatch,Passwords do not match,Les mots de passe ne correspondent pas
components.Input.error.validation.email,This is an invalid email address format.,Le format de l'adresse de courrier Ã©lectronique n'est pas correct.
components.Input.error.validation.json,This doesn't match the JSON format,Le format JSON n'est pas respectÃ©
components.Input.error.validation.lowercase,The value must be a lowercase string,
components.Input.error.validation.max,The value is too high.,La valeur est trop grande.
components.Input.error.validation.maxLength,The value is too long.,La valeur est trop longue.
components.Input.error.validation.min,The value is too low.,La valeur est trop petite.
components.Input.error.validation.minLength,The value is too short.,La valeur est trop courte.
components.Input.error.validation.minSupMax,Can't be superior,Ne peut pas Ãªtre plus grand.
components.Input.error.validation.regex,The value does not match the regex.,La valeur ne correspond pas au format attendu.
components.Input.error.validation.required,This value is required.,Ce champ est obligatoire.
components.Input.error.validation.unique,This value is already used.,Cette valeur est dÃ©jÃ  utilisÃ©e.
components.InputSelect.option.placeholder,Choose here,Choisissez ici
components.ListRow.empty,There is no data to be shown.,Il n'y a pas de donnÃ©es Ã  afficher.
components.NotAllowedInput.text,No permissions to see this field,Vous n'Ãªtes pas autorisÃ© Ã  voir ce champ
components.OverlayBlocker.description,You're using a feature that needs the server to restart. Please wait until the server is up.,Vous utilisez une fonctionnalitÃ© qui nÃ©cessite le redÃ©marrage du serveur. Merci d'attendre que celui-ci ait redÃ©marrÃ©.
components.OverlayBlocker.description.serverError,"The server should have restarted, please check your logs in the terminal.","Le serveur aurait dÃ©jÃ  du redÃ©marrer, vous devriez regarder les messages dans le terminal."
components.OverlayBlocker.title,Waiting for restart...,Le serveur est en train de redÃ©marrer
components.OverlayBlocker.title.serverError,The restart is taking longer than expected,Le serveur aurait dÃ©jÃ  du redÃ©marrer
components.PageFooter.select,Entries per page,entrÃ©es par page
components.ProductionBlocker.description,For safety purposes we have to disable this plugin in other environments.,"Pour des raisons de sÃ©curitÃ©, ce plugiciel a Ã©tÃ© dÃ©sactivÃ© dans les autres environnements."
components.ProductionBlocker.header,This plugin is only available in development.,Ce plugiciel est disponible uniquement en dÃ©veloppement.
components.Search.placeholder,Search...,Rechercher...
components.Select.placeholder,Select,SÃ©lectionner
components.TableHeader.actions-label,Actions,Actions
components.TableHeader.sort,Sort on {label},Trier par {label}
components.Wysiwyg.ToggleMode.markdown-mode,Markdown mode,Mode Markdown
components.Wysiwyg.ToggleMode.preview-mode,Preview mode,Mode aperÃ§u
components.Wysiwyg.collapse,Collapse,Masquer
components.Wysiwyg.selectOptions.H1,Title H1,Titre H1
components.Wysiwyg.selectOptions.H2,Title H2,Titre H2
components.Wysiwyg.selectOptions.H3,Title H3,Titre H3
components.Wysiwyg.selectOptions.H4,Title H4,Titre H4
components.Wysiwyg.selectOptions.H5,Title H5,Titre H5
components.Wysiwyg.selectOptions.H6,Title H6,Titre H6
components.Wysiwyg.selectOptions.title,Add a title,Ajouter un titre
components.WysiwygBottomControls.charactersIndicators,characters,caractÃ¨res
components.WysiwygBottomControls.fullscreen,Expand,Plein Ã©cran
components.WysiwygBottomControls.uploadFiles,"Drag and drop files, paste from the clipboard or {browse}.","Ajouter des fichiers en les glissant et dÃ©posant, {browse}, ou en les collant depuis le presse-papiers."
components.WysiwygBottomControls.uploadFiles.browse,select them,en les selectionnant
components.pagination.go-to,Go to page {page},Aller Ã  la page {page}
components.pagination.go-to-next,Go to next page,Aller Ã  la page suivante
components.pagination.go-to-previous,Go to previous page,Aller Ã  la page prÃ©cÃ©dente
components.pagination.remaining-links,And {number} other links,Et {number} autres liens
components.popUpWarning.button.cancel,"No, cancel","Non, annuler"
components.popUpWarning.button.confirm,"Yes, confirm","Oui, confirmer"
components.popUpWarning.message,Are you sure you want to delete this?,ÃŠtes-vous sÃ»r de vouloir le supprimer?
components.popUpWarning.title,Please confirm,Merci de confirmer
content-manager.App.schemas.data-loaded,The schemas have been successfully loaded,Les schÃ©mas ont Ã©tÃ© chargÃ©s avec succÃ¨s
content-manager.DynamicTable.relation-loaded,The relations have been loaded,Les relations on Ã©tÃ© chargÃ©es
content-manager.EditRelations.title,Relational data,DonnÃ©es associÃ©es
content-manager.HeaderLayout.button.label-add-entry,Create new entry,CrÃ©er une nouvelle entrÃ©e
content-manager.api.id,API ID,ID de l'API
content-manager.components.AddFilterCTA.add,Filters,Filtres
content-manager.components.AddFilterCTA.hide,Filters,Filtres
content-manager.components.DragHandle-label,Drag,Glisser
content-manager.components.DraggableAttr.edit,Click to edit,Cliquez pour modifier
content-manager.components.DraggableCard.delete.field,Delete {item},Supprimer {item}
content-manager.components.DraggableCard.edit.field,Edit {item},Modifier {item}
content-manager.components.DraggableCard.move.field,Move {item},DÃ©placer {item}
content-manager.components.DynamicTable.row-line,item line {number},ligne {number}
content-manager.components.DynamicZone.ComponentPicker-label,Pick one component,Choisir un compoosant
content-manager.components.DynamicZone.add-component,Add a component to {componentName},Ajouter un composant Ã  {componentName}
content-manager.components.DynamicZone.delete-label,Delete {name},Supprimer {name}
content-manager.components.DynamicZone.error-message,The component contains error(s),Le composant contient une ou des erreurs
content-manager.components.DynamicZone.missing-components,"There {number, plural, =0 {are # missing components} one {is # missing component} other {are # missing components}}","Il y a {number, plural, =0 {# composants manquants} one {# composant manquant} other {# composants manquants}}"
content-manager.components.DynamicZone.move-down-label,Move component down,DÃ©placer le composant vers le bas
content-manager.components.DynamicZone.move-up-label,Move component up,DÃ©placer le composant vers le haut
content-manager.components.DynamicZone.pick-compo,Pick one component,Choisir un composant
content-manager.components.DynamicZone.required,Component is required,Composant requis
content-manager.components.EmptyAttributesBlock.button,Go to settings page,Voir la page des configurations
content-manager.components.EmptyAttributesBlock.description,You can change your settings,Vous pouvez modifiez vos paramÃ¨tres
content-manager.components.FieldItem.linkToComponentLayout,Set the component's layout,Modifier la mise en page du composant
content-manager.components.FieldSelect.label,Add a field,Ajouter un champ
content-manager.components.FilterOptions.button.apply,Apply,Appliquer
content-manager.components.FiltersPickWrapper.PluginHeader.actions.apply,Apply,Appliquer
content-manager.components.FiltersPickWrapper.PluginHeader.actions.clearAll,Clear all,Supprimer tout
content-manager.components.FiltersPickWrapper.PluginHeader.description,Set the conditions to apply to filter the entries,DÃ©finissez les conditions des filtres Ã  appliquer
content-manager.components.FiltersPickWrapper.PluginHeader.title.filter,Filters,Filtres
content-manager.components.FiltersPickWrapper.hide,Hide,Fermer
content-manager.components.LeftMenu.Search.label,Search for a content type,Chercher un type de contenu
content-manager.components.LeftMenu.collection-types,Collection Types,Types de collection
content-manager.components.LeftMenu.single-types,Single Types,Types uniques
content-manager.components.LimitSelect.itemsPerPage,Items per page,Ã‰lÃ©ments par page
content-manager.components.NotAllowedInput.text,No permissions to see this field,Vous n'avez pas l'autorisation de voir ce champ
content-manager.components.RepeatableComponent.error-message,The component(s) contain error(s),Le composant contient une ou des erreurs
content-manager.components.Search.placeholder,Search for an entry...,Rechercher une entrÃ©e...
content-manager.components.Select.draft-info-title,State: Draft,Statut : Brouillon
content-manager.components.Select.publish-info-title,State: Published,Statut : PubliÃ©
content-manager.components.SettingsViewWrapper.pluginHeader.description.edit-settings,Customize how the edit view will look like.,DÃ©finissez l'apparence de la fenÃªtre d'Ã©dition.
content-manager.components.SettingsViewWrapper.pluginHeader.description.list-settings,Define the settings of the list view.,DÃ©finir les paramÃ¨tres de l'affichage des listes.
content-manager.components.SettingsViewWrapper.pluginHeader.title,Configure the view - {name},Configurer l'affichage - {name}
content-manager.components.TableDelete.delete,Delete all,Supprimer tout
content-manager.components.TableDelete.deleteSelected,Delete selected,Supprimer les Ã©lÃ©ments sÃ©lectionnÃ©s
content-manager.components.TableDelete.label,"{number, plural, one {# entry} other {# entries}} selected","{number, plural, one {# entrÃ©e sÃ©lectionnÃ©e} other {# entrÃ©es sÃ©lectionnÃ©es}}"
content-manager.components.TableEmpty.withFilters,There are no {contentType} with the applied filters...,Aucun {contentType} n'a Ã©tÃ© trouvÃ© avec ces filtres...
content-manager.components.TableEmpty.withSearch,There are no {contentType} corresponding to the search ({search})...,Aucun {contentType} n'a Ã©tÃ© trouvÃ© avec cette recherche ({search})...
content-manager.components.TableEmpty.withoutFilter,There are no {contentType}...,Aucun {contentType} n'a Ã©tÃ© trouvÃ©...
content-manager.components.empty-repeatable,No entry yet. Click on the button below to add one.,Il n'a pas encore d'entrÃ©e. Cliquez sur le bouton pour en ajouter une.
content-manager.components.notification.info.maximum-requirement,You have already reached the maximum number of fields,Le nombre maximal de champs est atteint
content-manager.components.notification.info.minimum-requirement,A field has been added to match the minimum requirement,Un champ a Ã©tÃ© rajoutÃ© pour remplir les conditions minimales
content-manager.components.repeatable.reorder.error,"An error occurred while reordering your component's field, please try again","Une erreur s'est produite lors de la rÃ©organisation du champ de votre composant, veuillez rÃ©essayer"
content-manager.components.reset-entry,Reset entry,Supprimer l'entrÃ©e
content-manager.components.uid.apply,apply,appliquer
content-manager.components.uid.available,Available,disponible
content-manager.components.uid.regenerate,Regenerate,regÃ©nÃ©rer
content-manager.components.uid.suggested,suggested,suggÃ©rÃ©
content-manager.components.uid.unavailable,Unavailable,non disponible
content-manager.containers.Edit.Link.Layout,Configure the layout,Configurer l'affichage
content-manager.containers.Edit.Link.Model,Edit the collection-type,Modifier le type de collection
content-manager.containers.Edit.addAnItem,Add an item...,Ajouter un Ã©lÃ©ment...
content-manager.containers.Edit.clickToJump,Click to jump to the entry,Cliquer pour voir l'entrÃ©e
content-manager.containers.Edit.delete,Delete,Supprimer
content-manager.containers.Edit.delete-entry,Delete this entry,Supprimer cette entrÃ©e
content-manager.containers.Edit.editing,Editing...,Modification en coursâ€¦
content-manager.containers.Edit.information,Information,Information
content-manager.containers.Edit.information.by,By,Par
content-manager.containers.Edit.information.draftVersion,draft version,version brouillon
content-manager.containers.Edit.information.editing,Editing,Ã‰dition :
content-manager.containers.Edit.information.created,Created,CrÃ©Ã©
content-manager.containers.Edit.information.lastUpdate,Last update,DerniÃ¨re modification
content-manager.containers.Edit.information.publishedVersion,published version,version publiÃ©e
content-manager.containers.Edit.pluginHeader.title.new,Create an entry,CrÃ©er une entrÃ©e
content-manager.containers.Edit.reset,Reset,Annuler
content-manager.containers.Edit.returnList,Return to list,Retourner Ã  la liste
content-manager.containers.Edit.seeDetails,Details,DÃ©tails
content-manager.containers.Edit.submit,Save,Enregistrer
content-manager.containers.EditSettingsView.modal-form.edit-field,Edit the field,Modifier le champ
content-manager.containers.EditView.add.new-entry,Add an entry,Ajouter une nouvelle entrÃ©e
content-manager.containers.EditView.components.missing.plural,There is {count} missing components,{count} composants manquants
content-manager.containers.EditView.components.missing.singular,There is {count} missing component,{count} composant manquant
content-manager.containers.EditView.notification.errors,The form contains some errors,Le formulaire contient des erreurs
content-manager.containers.Home.introduction,To edit your entries go to the specific link in the left menu. This plugin doesn't have a proper way to edit settings and it's still under active development.,"Pour modifier vos entrÃ©es, cliquez sur le lien spÃ©cifique dans le menu de gauche. Ce plugiciel ne peut pas modifier les paramÃ¨tres et il est toujours en cours de dÃ©veloppement. "
content-manager.containers.Home.pluginHeaderDescription,Manage your entries through a powerful and beautiful interface.,GÃ©rez vos entrÃ©es Ã  travers une interface puissante et attrayante.
content-manager.containers.Home.pluginHeaderTitle,Content type,Type de contenu
content-manager.containers.List.draft,Draft,Brouillon
content-manager.containers.List.errorFetchRecords,Error,Erreur
content-manager.containers.List.published,Published,PubliÃ©
content-manager.containers.ListPage.displayedFields,Displayed Fields,Champs affichÃ©s
content-manager.containers.ListPage.items,"{number, plural, =0 {items} one {item} other {items}}","{number, plural, =0 {Ã©lements} one {Ã©lement} other {Ã©lements}}"
content-manager.containers.ListPage.table-headers.published_at,State,Statut
content-manager.containers.ListSettingsView.modal-form.edit-label,Edit {fieldName},Modifier {fieldName}
content-manager.containers.SettingPage.add.field,Insert another field,InsÃ©rer un autre champ
content-manager.containers.SettingPage.add.relational-field,Insert another relational field,InsÃ©rer un autre champ relationnel
content-manager.containers.SettingPage.attributes,Attributes fields,Attributs
content-manager.containers.SettingPage.attributes.description,Define the order of the attributes,Organisez les attributs du modÃ¨le
content-manager.containers.SettingPage.editSettings.description,Drag & drop the fields to build the layout,Faire glisser et dÃ©poser les champs pour crÃ©er la mise en page.
content-manager.containers.SettingPage.editSettings.entry.title,Entry title,Nom de l'entrÃ©e
content-manager.containers.SettingPage.editSettings.entry.title.description,Set the displayed field of your entry,DÃ©finissez quel champ sera affichÃ©
content-manager.containers.SettingPage.editSettings.relation-field.description,Set the displayed field in both the edit and list views,DÃ©finir le champ prÃ©sentÃ© dans l'affichage du mode Ã©dition et des listes
content-manager.containers.SettingPage.editSettings.title,Edit view (settings),Affichage du mode Ã©dition (paramÃ¨tres)
content-manager.containers.SettingPage.layout,Layout,Mise en page
content-manager.containers.SettingPage.listSettings.description,Configure the options for this collection type,Configurez les paramÃ¨tres de ce type de collection
content-manager.containers.SettingPage.listSettings.title,List view (settings),Affichage des listes (paramÃ¨tres)
content-manager.containers.SettingPage.pluginHeaderDescription,Configure the specific settings for this Collection Type,Configurez les paramÃ¨tres de ce type de collection
content-manager.containers.SettingPage.relations,Relational fields,Champs relationnels
content-manager.containers.SettingPage.settings,Settings,ParamÃ¨tres
content-manager.containers.SettingPage.view,View,Affichage
content-manager.containers.SettingViewModel.pluginHeader.title,Content Manager - {name},Gestion du contenu - {name}
content-manager.containers.SettingsPage.Block.contentType.description,Configure the specific settings,Configurez les paramÃ¨tres spÃ©cifiques
content-manager.containers.SettingsPage.Block.contentType.title,Collection Types,Types de collection
content-manager.containers.SettingsPage.Block.generalSettings.description,Configure the default options for your Collection Types,Configurez les options par dÃ©faut de vos types de collection
content-manager.containers.SettingsPage.Block.generalSettings.title,General,GÃ©nÃ©ral
content-manager.containers.SettingsPage.pluginHeaderDescription,Configure the settings for all your Collection types and Groups,Configurez les paramÃ¨tres de vos types de collection et de vos groupes
content-manager.containers.SettingsView.list.subtitle,Configure the layout and display of your Collection types and groups,Configurez la mise en page et l'affichage de vos types de collection et de vos groupes
content-manager.containers.SettingsView.list.title,Display configurations,ParamÃ¨tres d'affichage
content-manager.edit-settings-view.link-to-ctb.components,Edit the component,Modifier le composant
content-manager.edit-settings-view.link-to-ctb.content-types,Edit the content type,Modifier le type de contenu
content-manager.emptyAttributes.button,Go to collection type builder,AccÃ©der au constructeur de types de contenu
content-manager.emptyAttributes.description,Add your first field to your Collection Type,Ajoutez votre premier champ Ã  votre type de collection
content-manager.emptyAttributes.title,There are no fields yet,Il n'y a pas encore de champs
content-manager.error.attribute.key.taken,This value already exists,Cette valeur existe dÃ©jÃ 
content-manager.error.attribute.sameKeyAndName,Can't be equals,Ne peuvent pas Ãªtre Ã©gaux
content-manager.error.attribute.taken,This field name already exists,Ce champ existe dÃ©jÃ 
content-manager.error.contentTypeName.taken,This name already exists,Ce nom existe dÃ©jÃ 
content-manager.error.model.fetch,An error occurred during models config fetch.,Une erreur est survenue lors de la rÃ©ception des modÃ¨les.
content-manager.error.record.create,An error occurred during record creation.,Une erreur est survenue lors de la crÃ©ation de l'entrÃ©e.
content-manager.error.record.delete,An error occurred during record deletion.,Une erreur est survenue lors de la suppression de l'entrÃ©e.
content-manager.error.record.fetch,An error occurred during record fetch.,Une erreur est survenue lors de la rÃ©ception de l'entrÃ©e.
content-manager.error.record.update,An error occurred during record update.,Une erreur est survenue lors de la modification de l'entrÃ©e.
content-manager.error.records.count,An error occurred during count records fetch.,Une erreur est survenue lors de la rÃ©ception du nombre d'entrÃ©es.
content-manager.error.records.fetch,An error occurred during records fetch.,Une erreur est survenue lors de la rÃ©ception des entrÃ©es.
content-manager.error.schema.generation,An error occurred during schema generation.,Une erreur est survenue lors de la gÃ©nÃ©ration du schÃ©ma.
content-manager.error.validation.json,This is not a JSON,Le format JSON n'est pas respectÃ©
content-manager.error.validation.max,The value is too high.,La valeur est trop grande.
content-manager.error.validation.maxLength,The value is too long.,La valeur est trop longue.
content-manager.error.validation.min,The value is too low.,La valeur est trop petite.
content-manager.error.validation.minLength,The value is too short.,La valeur est trop courte.
content-manager.error.validation.minSupMax,Can't be superior,Ne peut pas Ãªtre plus grand
content-manager.error.validation.regex,The value does not match the regex.,La valeur ne correspond pas au format attendu.
content-manager.error.validation.required,This value input is required.,Ce champ est obligatoire.
content-manager.form.Input.bulkActions,Enable bulk actions,Autoriser les actions groupÃ©es
content-manager.form.Input.defaultSort,Default sort attribute,Attribut de tri par dÃ©faut
content-manager.form.Input.description,Description,Description
content-manager.form.Input.description.placeholder,Display name in the profile,Afficher le nom dans le profil
content-manager.form.Input.editable,Editable field,Champ editable
content-manager.form.Input.filters,Enable filters,Autoriser les filtres
content-manager.form.Input.label,Label,Ã‰tiquette
content-manager.form.Input.label.inputDescription,This value overrides the label displayed in the table's head,Cette valeur remplace celle affichÃ©e dans l'en-tÃªte du tableau
content-manager.form.Input.pageEntries,Entries per page,Nombre d'entrÃ©es par page
content-manager.form.Input.pageEntries.inputDescription,Note: You can override this value in the Collection Type settings page.,Note : Vous pouvez modifier ces valeurs par modÃ¨le
content-manager.form.Input.placeholder,Placeholder,Espace rÃ©servÃ©
content-manager.form.Input.placeholder.placeholder,My awesome value,Mon super espace rÃ©servÃ©
content-manager.form.Input.search,Enable search,Autoriser la recherche
content-manager.form.Input.search.field,Enable search on this field,Autoriser la recherche sur ce champs
content-manager.form.Input.sort.field,Enable sort on this field,Autoriser le tri sur ce champs
content-manager.form.Input.sort.order,Default sort order,Ordre de tri par dÃ©faut
content-manager.form.Input.wysiwyg,Display as WYSIWYG,Afficher comme WYSIWYG
content-manager.global.displayedFields,Displayed Fields,Champs affichÃ©s
content-manager.groups,Groups,Groupes
content-manager.groups.numbered,Groups ({number}),Groupes ({number})
content-manager.header.name,Content,Contenu
content-manager.link-to-ctb,Edit the model,Modifier le modÃ¨le
content-manager.models,Collection Types,Types de collection
content-manager.models.numbered,Collection Types ({number}),Types de collection ({number})
content-manager.notification.error.displayedFields,You need at least one displayed field,Vous devez avoir au moins un champ d'affichÃ©
content-manager.notification.error.relationship.fetch,An error occurred during relationship fetch.,Une erreur est survenue en rÃ©cupÃ©rant les relations.
content-manager.notification.info.SettingPage.disableSort,You need to have one attribute with the sorting allowed,Vous devez avoir au moins un attribut de tri par dÃ©faut
content-manager.notification.info.minimumFields,You need to have at least one field displayed,Vous devez avoir au moins un champ d'affichÃ©
content-manager.notification.upload.error,An error has occurred while uploading your files,Une erreur est survenues en tÃ©lÃ©chargeant vos fichiers
content-manager.pageNotFound,Page not found,Page non trouvÃ©e
content-manager.pages.ListView.header-subtitle,"{number, plural, =0 {# entries} one {# entry} other {# entries}} found","{number, plural, =0 {# entrÃ©es trouvÃ©e} one {# entrÃ©e trouvÃ©e} other {# entrÃ©es trouvÃ©es}}"
content-manager.pages.NoContentType.button,Create your first content type,CrÃ©er votre premier type de contenu
content-manager.pages.NoContentType.text,"You don't have any content yet, we recommend you to create your first Content-Type.","Vous n'avez encore aucun contenu, nous vous recommandons de crÃ©er votre premier type de contenu"
content-manager.permissions.not-allowed.create,You are not allowed to create a document,Vous n'Ãªtes pas autorisÃ© Ã  crÃ©er un document
content-manager.permissions.not-allowed.update,You are not allowed to see this document,Vous n'Ãªtes pas autorisÃ© Ã  voir ce document
content-manager.plugin.description.long,"Quick way to see, edit and delete the data in your database.","Visualisez, modifiez et supprimez les donnÃ©es de votre base de donnÃ©es."
content-manager.plugin.description.short,"Quick way to see, edit and delete the data in your database.","Visualisez, modifiez et supprimez les donnÃ©es de votre base de donnÃ©es."
content-manager.plugin.name,Content Manager,Gestion du contenu
content-manager.popUpWarning.bodyMessage.contentType.delete,Are you sure you want to delete this entry?,ÃŠtes-vous sÃ»r de vouloir supprimer cette entrÃ©e?
content-manager.popUpWarning.bodyMessage.contentType.delete.all,Are you sure you want to delete these entries?,ÃŠtes-vous sÃ»r de vouloir supprimer ces entrÃ©es?
content-manager.popUpWarning.warning.cancelAllSettings,Are you sure you want to cancel your modifications?,ÃŠtes-vous sÃ»r de vouloir abandonner vos modifications?
content-manager.popUpWarning.warning.publish-question,Do you still want to publish it?,ÃŠtes-vous sÃ»r de vouloir le publier?
content-manager.popUpWarning.warning.unpublish,Unpublish this content will<br></br>automatically change it to a draft.,"Si vous annulez la publication de ce contenu, il deviendra automatiquement un brouillon."
content-manager.popUpWarning.warning.unpublish-question,Are you sure you want to unpublish it?,ÃŠtes-vous sÃ»r de vouloir annuler sa publication?
content-manager.popUpWarning.warning.updateAllSettings,This will modify all your settings,Cela modifiera tous vos prÃ©cÃ©dents paramÃ¨tres.
content-manager.popUpwarning.warning.has-draft-relations.button-confirm,"Yes, publish","Oui, publier"
content-manager.popUpwarning.warning.has-draft-relations.message,"<b>{count, plural, =0 { of your content relations is} one { of your content relations is} other { of your content relations are}}</b> not published yet.<br></br>It might engender broken links and errors on your project.","<b>{count, plural, =0 { des relations de votre contenu n'est} one { des relations de votre contenu n'est} other { des relations de votre contenu ne sont}}</b> pas publiÃ© actuellement.<br></br>Cela peut engendrer des liens cassÃ©s ou des erreurs dans votre projet."
content-manager.popover.display-relations.label,Display relations,Afficher les relations
content-manager.success.record.delete,Deleted,SupprimÃ©
content-manager.success.record.publish,Published,PubliÃ©
content-manager.success.record.save,Saved,EnregistrÃ©
content-manager.success.record.unpublish,Unpublished,Publication annulÃ©e
content-manager.utils.data-loaded,"The {number, plural, =1 {entry has} other {entries have}} successfully been loaded","{number, plural, =1 {L'entrÃ©e a Ã©tÃ© chargÃ©e} other {Les entrÃ©es on Ã©tÃ© chargÃ©es} avec  succÃ¨s"
form.button.continue,Continue,Continuer
form.button.done,Done,Terminer
form.button.finish,Finish,Terminer
form.button.save,Save,Enregistrer
global.prompt.unsaved,Are you sure you want to leave this page? All your modifications will be lost,ÃŠtes-vous sÃ»r de vouloir quitter cette page? Toutes vos modifications seront perdues
notification.contentType.relations.conflict,Content type has conflicting relations,Le type de contenu Ã  des relations qui rentrent en conflit
notification.default.title,Information:,Information :
notification.error,An error occurred,Une erreur est survenue
notification.error.layout,Couldn't retrieve the layout,Impossible de rÃ©cupÃ©rer la mise en page
notification.form.error.fields,The form contains some errors,Le formulaire contient des erreurs
notification.form.success.fields,Changes saved,Modifications enregistrÃ©es
notification.link-copied,Link copied into the clipboard,Lien copiÃ© dans le presse-papiers
notification.permission.not-allowed-read,You are not allowed to see this document,Vous n'Ãªtes pas autorisÃ© Ã  voir ce document
notification.success.delete,The item has been deleted,Cet Ã©lÃ©ment a Ã©tÃ© supprimÃ©
notification.success.saved,Saved,EnregistrÃ©
notification.success.title,Success:,SuccÃ¨s :
notification.version.update.link,See more,Voir plus
notification.version.update.message,A new version of Strapi is available!,Une nouvelle version de Strapi est disponible!
notification.warning.title,Warning:,Attention :
or,OR,OU
request.error.model.unknown,This model doesn't exist,Le model n'existe pas
skipToContent,Skip to content,Aller au contenu
submit,Submit,Soumettre
